date,CPIAUCSL,CPILFESL,PCEPI,CPIUFDSL,CPIENGSL,CUSR0000SETB01,CUSR0000SEHF01
1985-01-01,2.272728,3.366061,5.975197,2.294456,2.395210,4.994804,3.350398
1985-02-01,6.792471,6.703928,5.558206,5.717019,0.000000,3.732507,7.781408
1985-03-01,5.631169,4.448569,4.688639,3.417183,11.904860,18.490350,4.423968
1985-04-01,2.245090,3.325637,1.735463,-1.137980,11.787914,19.413972,6.605521
1985-05-01,2.240897,4.419894,2.838814,-2.279203,-1.173594,-4.824127,1.097394
1985-06-01,3.353519,3.304270,3.263545,3.417183,0.000000,4.824127,-5.497032
1985-07-01,2.230484,3.295197,2.943964,0.000000,0.000000,3.605411,-4.415828
1985-08-01,2.226346,4.379567,3.961739,1.136902,-11.799505,-18.136365,0.000000
1985-09-01,2.222223,2.183804,2.023549,2.270578,0.000000,-3.660399,4.415828
1985-10-01,4.432138,5.442186,1.996396,0.000000,0.000000,-1.222619,6.593423
1985-11-01,5.517251,6.498211,3.485721,7.913359,7.093617,8.532286,2.189782
1985-12-01,5.492000,3.235957,4.018520,8.980397,7.051930,8.472047,7.632920
1986-01-01,4.375575,5.373945,5.509457,2.234638,2.341464,7.214451,5.422513
1986-02-01,-2.185793,3.212853,0.000000,-2.234638,-36.816346,-55.196240,5.398120
1986-03-01,-6.581369,3.204274,-2.633849,2.234638,-86.242203,-163.829413,-2.156335
1986-04-01,-4.407718,4.259099,-2.450904,2.230484,-72.101773,-141.879332,-9.751747
1986-05-01,3.307306,2.123894,2.191911,5.558139,0.000000,20.870091,-6.545471
1986-06-01,4.395609,3.178810,4.465690,1.108545,21.818783,39.142413,16.297217
1986-07-01,1.096391,4.225356,0.304941,8.831687,-44.041640,-79.604777,2.156335
1986-08-01,1.095390,4.210531,1.500117,10.948981,-28.370116,-67.718953,-2.156335
1986-09-01,4.371590,4.195808,3.928909,1.089424,11.428658,30.947274,3.233051
1986-10-01,2.179837,4.181189,2.146107,3.262349,-22.967208,-27.469011,-36.051869
1986-11-01,2.175885,3.126359,2.142276,6.498211,-10.188054,-12.218287,7.738396
1986-12-01,4.339969,3.118235,1.650667,3.235957,5.832332,10.480416,-2.205883
1987-01-01,6.480664,3.110153,5.632344,4.301080,41.457369,85.570833,5.507123
1987-02-01,4.301080,3.102113,4.201216,4.285719,27.779018,67.690074,-2.199817
1987-03-01,4.285719,4.123715,3.175762,2.137133,2.742858,1.529637,5.492000
1987-04-01,5.335714,7.182578,4.473209,2.133334,0.000000,10.653209,-9.903770
1987-05-01,3.190077,4.085110,3.041421,6.377340,-6.868937,-22.945250,2.207912
1987-06-01,5.298022,2.037352,4.536350,7.397646,19.134802,25.971733,17.518559
1987-07-01,3.167622,4.064356,2.772623,-2.108964,9.454185,23.940944,6.504081
1987-08-01,5.260859,4.050637,4.734985,2.108964,17.362573,30.714657,1.080594
1987-09-01,4.192144,5.044144,4.040522,4.206840,-2.654868,-8.695690,1.079622
1987-10-01,3.134525,6.025117,3.802349,2.097903,-9.338569,0.000000,-19.583390
1987-11-01,4.166671,3.001252,2.266671,0.000000,5.345220,1.453665,19.583390
1987-12-01,2.077923,2.993765,2.217639,6.271791,-6.685254,-10.212828,-5.407851
1988-01-01,4.145082,4.973070,4.645974,5.201569,-9.422370,-11.779236,-2.169983
1988-02-01,2.067184,2.973979,1.782134,0.000000,-1.352113,-5.933263,1.085482
1988-03-01,3.094114,4.940312,4.111077,2.074331,-4.065504,-11.955267,-1.085482
1988-04-01,7.188725,5.901651,5.820259,6.201564,5.417616,7.485988,4.336048
1988-05-01,3.067748,3.918371,3.483056,5.143600,-4.060918,-2.988794,-13.055432
1988-06-01,5.095549,4.880039,5.096109,7.164200,5.411509,-2.996256,17.375869
1988-07-01,5.074003,3.889793,5.816444,12.182846,6.730248,16.387592,0.000000
1988-08-01,5.052639,3.877225,3.550331,6.045353,9.359379,21.992063,3.230150
1988-09-01,5.031454,6.755144,5.836260,7.014634,-4.002227,-16.087992,6.434332
1988-10-01,4.010029,4.801927,3.911086,1.996673,0.000000,-11.837334,11.707410
1988-11-01,3.996673,3.827754,2.779699,1.993356,0.000000,0.000000,-2.120142
1988-12-01,3.983406,3.815584,3.739191,5.960277,-2.675586,-4.469279,3.178810
1989-01-01,4.960735,4.752481,6.142171,4.944383,9.338569,10.402542,1.057735
1989-02-01,3.953875,3.788480,3.985192,8.848873,6.626190,21.992063,-7.423797
1989-03-01,5.906493,4.718842,4.459630,6.837625,13.143614,24.446621,3.187253
1989-04-01,8.805584,3.761759,7.964748,6.798885,61.159732,129.418225,9.511278
1989-05-01,5.834695,4.685676,4.371819,7.723277,9.896963,24.038759,3.153747
1989-06-01,3.874095,4.667450,2.619654,3.843078,-6.176030,-22.761483,1.049410
1989-07-01,3.861628,3.720933,2.864587,4.786604,-2.479340,-10.256473,7.320284
1989-08-01,0.000000,2.783148,0.146182,2.862824,-22.547636,-53.986065,3.123646
1989-09-01,2.888088,3.700851,2.669912,3.806506,-13.990620,-28.621459,0.000000
1989-10-01,5.755407,6.449152,4.678855,4.741215,7.651461,10.984058,2.077923
1989-11-01,4.775175,4.585409,2.612212,5.664841,-6.372824,-23.462507,5.179119
1989-12-01,3.806506,4.567954,3.474127,3.761759,3.827754,-1.394538,3.096776
1990-01-01,11.347602,4.550631,9.051523,17.709059,58.426868,92.611619,-4.130813
1990-02-01,4.696679,5.438076,5.275902,10.134417,-8.523628,1.291017,12.350023
1990-03-01,5.611857,7.212644,4.521237,1.833461,-7.354466,-9.066422,-1.024328
1990-04-01,2.796118,4.485987,2.517980,-1.833461,-1.230138,6.482998,7.152001
1990-05-01,1.860465,3.576754,2.694877,2.749142,-9.886771,-14.309113,-3.059925
1990-06-01,7.413151,6.233780,5.291067,9.118585,7.422704,11.720115,-2.044294
1990-07-01,5.529964,6.201564,2.958467,6.342031,-2.469137,6.462051,-4.099065
1990-08-01,10.072551,7.048478,7.953616,3.609025,54.362592,96.546892,2.051283
1990-09-01,8.178752,4.384367,7.345682,3.598204,56.521740,95.959761,4.092076
1990-10-01,8.123386,4.368407,6.847210,4.482635,47.498147,80.666968,1.020842
1990-11-01,2.695621,3.483312,1.518501,3.574091,4.324329,3.075610,7.121683
1990-12-01,4.479289,5.206082,1.122849,0.891862,-2.160217,4.088590,-4.064356
1991-01-01,4.462631,7.767017,4.559381,3.560833,-27.336034,-70.392169,29.159374
1991-02-01,0.890538,6.006448,0.607918,0.888560,-45.075722,-94.519315,6.933573
1991-03-01,0.000000,2.565017,0.254842,1.775148,-30.234157,-56.325866,2.959311
1991-04-01,2.667656,3.411516,2.173754,7.074449,-8.271820,-1.227622,-5.925938
1991-05-01,4.432957,3.401845,4.959411,4.400445,10.624762,18.283746,5.925938
1991-06-01,3.534612,4.238789,2.024725,7.007319,-11.811119,-12.158159,-11.881285
1991-07-01,1.763410,4.223869,1.885372,-6.129163,-4.757192,-20.955848,10.895659
1991-08-01,3.519064,5.049096,2.793451,-4.397220,4.757192,12.371244,-2.961746
1991-09-01,3.508774,4.191412,4.120093,1.760822,4.738407,1.230138,5.916199
1991-10-01,1.750547,2.507838,2.237871,-1.760822,1.181684,-9.876599,5.887175
1991-11-01,5.236372,4.168118,2.637639,4.397220,9.411813,11.105478,-4.903971
1991-12-01,3.478263,4.153691,2.996400,2.630619,8.175214,13.435255,17.561289
1992-01-01,0.867993,3.312632,1.629510,-3.508774,-18.768711,-22.063952,-6.798885
1992-02-01,2.600218,2.478486,3.042215,4.384367,-3.552050,-6.201564,-0.974421
1992-03-01,4.321215,4.119469,2.901088,4.368407,0.000000,3.724783,3.892947
1992-04-01,2.585279,3.285423,3.236351,-0.872410,2.369201,-2.481904,0.000000
1992-05-01,2.579722,4.094170,1.595922,-2.621042,7.079667,11.128364,7.748211
1992-06-01,3.431024,2.449814,2.124599,3.493452,15.197475,27.978966,0.000000
1992-07-01,3.421243,4.071941,3.954623,-1.745455,4.637687,5.997014,-1.932368
1992-08-01,2.559546,2.436549,1.604619,8.701996,-2.316603,-7.200022,0.000000
1992-09-01,2.554098,1.621622,1.960384,4.327448,1.158861,-1.204215,2.897386
1992-10-01,5.091945,5.658481,4.230289,0.000000,8.080839,14.371429,-0.965018
1992-11-01,3.382666,3.221478,2.362464,-1.729107,9.169099,5.937667,6.738887
1992-12-01,1.687764,3.212853,2.096070,0.864865,2.281370,4.729070,9.561804
1993-01-01,4.209054,4.004008,2.913439,2.590861,-3.423683,-2.362205,-1.906275
1993-02-01,2.518364,3.990692,1.808001,4.305710,-8.026786,0.000000,-22.142626
1993-03-01,1.675978,1.592568,2.456005,0.000000,6.883384,-9.495599,22.142626
1993-04-01,4.179733,4.765063,3.192725,3.433479,0.000000,-9.571337,9.501237
1993-05-01,3.333335,3.166229,3.701821,8.540961,-6.883384,-24.267763,2.835763
1993-06-01,0.831889,2.369201,0.406504,-3.409093,-4.610957,-17.284249,-0.944510
1993-07-01,1.662050,1.576873,1.919794,0.000000,-5.788723,-16.275680,2.831303
1993-08-01,2.488767,3.933140,2.045628,4.259855,0.000000,-2.523660,-0.943026
1993-09-01,1.656315,0.785083,1.251457,2.548674,-4.651169,-13.975806,2.826856
1993-10-01,4.955272,3.917731,3.764896,5.081165,26.501317,59.825472,1.880878
1993-11-01,3.292183,3.904982,2.271583,2.532537,-10.300492,-17.143149,-6.596012
1993-12-01,2.463224,3.114862,0.274497,4.209054,-8.073072,-18.643565,-0.945254
1994-01-01,0.000000,1.554404,0.402482,0.840042,-10.460115,-15.126251,-5.687214
1994-02-01,3.276453,2.327838,2.777102,-1.680673,15.079947,20.126258,2.846976
1994-03-01,3.267531,3.869723,3.298583,0.000000,2.303264,-5.000007,-1.897234
1994-04-01,0.815494,1.544402,1.418698,2.520127,-6.923096,-1.253264,-5.709765
1994-05-01,2.443163,3.082853,1.743790,2.514845,-10.460115,-22.785495,4.760022
1994-06-01,3.249833,3.842462,2.918805,4.179733,3.496846,12.711983,1.898735
1994-07-01,4.049953,2.299586,3.778449,6.657437,16.185216,36.121046,3.788480
1994-08-01,4.841970,3.059275,2.758518,4.142220,25.000904,55.154563,1.889764
1994-09-01,2.413678,3.051496,1.331914,1.652893,-6.766935,-7.051930,-3.782509
1994-10-01,0.803482,2.283540,2.031020,0.000000,-4.532583,-5.908431,0.946746
1994-11-01,3.208558,3.037976,2.278556,2.475078,4.532583,9.439577,8.487265
1994-12-01,2.400801,0.758294,0.770500,9.849577,-2.264152,-2.352942,-1.880878
1995-01-01,3.193615,5.294682,2.433679,-0.817717,-2.268432,-11.834415,10.308537
1995-02-01,3.185138,3.015077,2.125428,4.897966,1.134752,0.000000,0.000000
1995-03-01,2.383318,3.758224,2.210733,-1.630435,-3.407480,-8.354086,0.000000
1995-04-01,4.752481,3.746491,3.148604,8.130112,1.136902,3.587447,-1.867705
1995-05-01,2.369201,2.242293,1.846182,0.809990,2.270578,13.062969,0.934216
1995-06-01,2.364533,2.983221,1.170144,0.809444,10.164767,23.392554,7.447658
1995-07-01,1.573771,2.232559,1.505324,1.617251,-10.164767,-28.126288,-0.928433
1995-08-01,2.356793,2.970299,2.581216,0.807809,-2.270578,-19.123911,18.433542
1995-09-01,1.568628,2.962964,0.829760,4.030907,-17.167675,-18.209758,-23.086514
1995-10-01,3.131117,3.693447,3.102098,3.215005,3.453240,-6.131848,20.339470
1995-11-01,1.562500,2.210624,-0.035206,0.802407,-11.549656,-22.337770,4.574920
1995-12-01,1.560468,0.735971,2.303821,2.404007,11.549656,21.107632,-1.827875
1996-01-01,6.221660,4.406370,2.667604,3.996008,28.396971,45.880840,0.000000
1996-02-01,2.324831,2.197132,1.891805,3.187253,2.242991,1.184016,1.827875
1996-03-01,3.864738,2.923266,3.617645,4.765063,13.370612,30.381370,1.825095
1996-04-01,4.621315,1.458967,3.589374,4.746216,31.710273,51.936610,11.795936
1996-05-01,2.304001,2.912623,2.068591,-0.789733,8.602187,12.093552,-10.884428
1996-06-01,2.299586,2.905570,-0.017368,7.874044,-18.353934,-18.741768,-18.363021
1996-07-01,2.295187,2.174570,2.533111,3.917731,-2.177859,-21.299018,16.539312
1996-08-01,1.527690,2.170637,1.143352,3.904982,-4.367612,-19.382844,7.278263
1996-09-01,3.810737,3.609025,3.389002,5.445714,1.093394,0.000000,0.906687
1996-10-01,3.798674,2.160217,3.620484,6.965515,7.625990,5.733408,-0.906687
1996-11-01,3.786687,2.874253,2.132692,4.621315,14.035248,26.026480,-4.543739
1996-12-01,3.020769,1.434549,1.391085,1.536492,22.331172,33.120778,3.636366
1997-01-01,2.260597,2.863963,1.560903,-3.074954,13.618653,4.347831,1.814059
1997-02-01,2.256347,2.143496,2.500072,4.609481,-2.085144,2.168022,3.619912
1997-03-01,0.751174,2.139674,1.265174,0.766528,-21.053172,-24.066440,1.805869
1997-04-01,0.750704,3.557666,1.178488,-0.766528,-21.429141,-39.310956,2.703719
1997-05-01,0.000000,2.129548,-0.546401,0.766528,-24.022640,-43.007024,-3.606314
1997-06-01,2.249298,1.417602,1.536120,2.296651,13.162838,17.621462,0.902595
1997-07-01,1.497193,2.123268,0.716184,2.292264,-9.858568,-19.990663,-5.425782
1997-08-01,2.988794,0.706922,0.954247,3.810737,19.636802,56.739947,-4.540301
1997-09-01,2.981368,2.823531,2.892183,2.280647,16.122052,29.051698,4.540301
1997-10-01,2.231175,2.816903,1.562279,2.276321,-6.422852,-23.409939,-4.540301
1997-11-01,1.485149,1.405976,0.067879,2.272011,-4.301080,-25.024604,10.867999
1997-12-01,0.741886,2.807019,-0.254566,0.756382,-17.360158,-13.872987,-23.672998
1998-01-01,1.482397,2.800468,0.593904,6.033954,-25.403618,-45.020087,-5.529964
1998-02-01,0.000000,2.096070,-0.627850,-0.752587,-27.094284,-41.764707,-15.808055
1998-03-01,0.000000,2.092416,0.186693,2.256347,-20.729882,-54.990975,-6.570216
1998-04-01,1.480568,2.088773,1.492495,0.000000,-10.500796,-30.482036,2.820213
1998-05-01,2.955667,2.779387,1.642989,4.500005,9.338569,23.921058,2.813600
1998-06-01,1.475108,2.080324,-1.016016,-0.748830,4.642172,18.281093,-1.875000
1998-07-01,2.944787,2.076724,2.960980,2.992520,-3.479944,-3.894000,-3.758813
1998-08-01,1.469688,3.453240,1.654963,2.985076,-14.021581,-26.288017,-4.715134
1998-09-01,0.734169,1.378518,-0.692105,0.745110,-9.439577,-8.000030,-9.486215
1998-10-01,2.932194,1.376936,2.631247,6.685254,2.366865,10.654898,-2.860550
1998-11-01,1.463415,2.749142,0.050544,1.480568,-4.738407,-14.675002,7.613031
1998-12-01,2.191781,4.111940,1.212427,1.478743,-11.928528,-27.150479,-2.849230
1999-01-01,2.187785,1.367522,1.681897,4.425328,-4.804811,-9.649679,0.950495
1999-02-01,0.000000,0.000000,-0.672476,2.206559,-6.033195,-22.352218,1.898735
1999-03-01,0.728376,0.683177,0.907754,0.000000,14.429032,36.113837,1.895735
1999-04-01,7.983096,4.090913,5.783386,1.468788,59.458495,144.224807,0.000000
1999-05-01,0.723109,1.360544,0.785729,2.199817,-6.844125,-17.108233,-1.895735
1999-06-01,0.000000,0.679694,0.367611,-0.732824,-4.584533,-11.128364,-6.658757
1999-07-01,5.049602,3.392708,3.186810,1.465202,25.000904,49.880470,0.953516
1999-08-01,2.875975,1.354402,2.180835,2.194454,31.084069,62.683495,-0.953516
1999-09-01,5.016430,3.379332,4.300098,2.919709,24.944414,42.226579,2.858278
1999-10-01,2.143496,2.023041,2.020202,2.912623,2.144773,-1.092399,8.534212
1999-11-01,2.139674,2.019636,1.074950,2.179837,-5.369136,-14.292427,0.944510
1999-12-01,2.846976,2.016242,2.790373,1.451028,24.501517,60.390101,0.000000
2000-01-01,3.549248,4.022350,3.260961,0.724857,12.587528,18.782992,-1.889764
2000-02-01,4.951377,0.669083,3.776893,4.339969,39.011134,39.715122,6.601195
2000-03-01,7.038143,4.006682,5.137162,2.164112,54.307910,127.233687,-1.882353
2000-04-01,-0.701960,1.998335,-0.996264,1.440576,-33.281089,-70.499405,1.882353
2000-05-01,2.104648,2.659281,0.996264,4.311382,-8.966418,-19.262051,-3.767664
2000-06-01,6.988954,2.653401,4.058160,0.717060,66.143159,107.645542,6.585669
2000-07-01,3.479272,2.647547,3.006237,6.434332,4.722556,-13.388015,8.414526
2000-08-01,0.000000,2.641718,-0.081151,2.848666,-33.454974,-68.326146,0.000000
2000-09-01,6.237380,2.635915,5.150292,1.421801,51.233077,72.805434,4.649367
2000-10-01,2.071943,1.973144,1.631170,0.710269,3.709431,-14.392976,0.927716
2000-11-01,2.068372,3.281380,1.677307,1.419279,-3.709431,-7.261747,7.396017
2000-12-01,2.752295,1.310044,1.835897,5.660388,8.330153,-11.894874,2.761796
2001-01-01,6.853245,3.921572,5.795213,2.115781,44.365672,0.919188,30.864031
2001-02-01,2.730377,3.258215,1.856248,6.325051,-8.026786,-12.933151,-5.389231
2001-03-01,0.681625,1.950691,0.111923,3.499565,-21.671018,-33.911205,5.389231
2001-04-01,2.042554,2.595999,2.108599,2.792322,5.454555,23.650746,5.365136
2001-05-01,6.106883,1.295896,3.155967,2.089986,54.091166,107.454293,14.190853
2001-06-01,2.704226,4.524649,2.115267,4.862525,-13.076773,-25.975040,39.034884
2001-07-01,-2.027598,2.577874,-0.397322,3.461208,-65.757538,-130.231477,5.959572
2001-08-01,0.000000,1.929778,-0.143068,2.761796,-21.487534,-26.634879,-5.106391
2001-09-01,4.725745,2.568219,-4.092605,1.378518,33.464601,101.334060,-5.128213
2001-10-01,-3.373632,1.922564,4.219778,4.126079,-75.675188,-134.711686,-1.714286
2001-11-01,-0.675866,4.474040,-0.810956,0.686303,-60.062578,-140.186351,-4.296460
2001-12-01,-0.676247,1.912351,-1.241346,-1.372998,-31.197598,-57.856754,-6.906494
2002-01-01,2.027598,1.909308,1.082271,4.114290,3.156512,15.623656,-6.946474
2002-02-01,2.024178,2.541028,2.018691,2.735044,-7.378152,-9.590461,-6.986919
2002-03-01,3.366061,0.634417,3.251368,2.728824,42.583438,93.734378,2.624864
2002-04-01,5.366135,3.167064,5.010446,2.042554,39.150273,85.904288,-9.652703
2002-05-01,1.337793,1.896234,0.788384,-4.088590,3.944128,7.232049,-0.881381
2002-06-01,0.668338,1.262494,1.496505,0.682400,-2.956880,3.086157,-5.301923
2002-07-01,2.669634,1.891253,2.641891,1.363637,7.868881,17.339868,-0.885936
2002-08-01,3.328712,3.773588,2.353927,0.000000,6.843196,12.090782,1.771218
2002-09-01,1.992804,1.255230,2.161542,2.722633,5.834695,8.988806,1.768608
2002-10-01,2.651935,1.253919,2.188897,-0.680079,30.648114,51.610388,1.766005
2002-11-01,1.985112,2.503913,1.186589,3.396549,-1.892745,-7.649428,0.882029
2002-12-01,1.981834,1.250000,1.154236,1.355932,3.782509,-3.843078,4.400445
2003-01-01,5.268944,1.872562,3.580419,0.000000,58.952760,113.759681,-1.758242
2003-02-01,6.553812,0.623539,5.041144,6.756775,63.886759,96.657055,3.513912
2003-03-01,1.959184,0.000000,3.076310,2.019636,26.133804,-10.544171,12.218287
2003-04-01,-4.576415,0.000000,-2.039687,0.672457,-63.352799,-117.145275,13.813102
2003-05-01,-1.966676,2.490919,-1.377203,2.015114,-64.099479,-138.872122,6.847379
2003-06-01,1.311476,0.621923,1.299874,6.025117,3.703707,8.040231,-8.565347
2003-07-01,3.925849,2.484473,3.521147,0.667594,21.985348,51.947678,0.000000
2003-08-01,5.214566,1.240310,4.048883,4.662787,49.784917,106.410392,5.146541
2003-09-01,3.896107,0.619675,3.744201,2.656338,43.610072,83.084022,8.528821
2003-10-01,-1.297297,1.857106,0.153202,4.634489,-43.610072,-81.329635,-3.404258
2003-11-01,0.648824,0.000000,1.515645,6.589802,-7.863152,-6.151606,-4.268948
2003-12-01,3.238868,1.236476,2.643964,5.900039,16.539979,28.728249,1.709402
2004-01-01,5.164075,2.469137,4.631975,-0.654129,43.301479,73.407177,0.000000
2004-02-01,2.573728,1.848524,2.552126,3.267086,15.740647,21.651105,5.113644
2004-03-01,2.568219,3.688527,1.849933,1.955991,-5.775192,1.588352,-5.968041
2004-04-01,1.922564,2.452735,2.225236,2.603038,-14.142278,-32.173509,5.117279
2004-05-01,5.111829,1.836267,3.895568,9.711410,34.641581,58.858716,2.550479
2004-06-01,4.455057,2.443993,3.417069,1.932886,31.295655,43.447108,6.774894
2004-07-01,1.269841,1.220132,1.111835,2.572348,-3.172507,-15.824405,5.056187
2004-08-01,0.634417,0.609601,0.615573,1.284109,3.172507,-4.559853,5.872084
2004-09-01,3.799475,3.651118,2.369260,-0.641883,11.038186,27.846969,0.000000
2004-10-01,6.305847,2.427922,5.142267,5.764623,43.921436,81.948000,-10.928272
2004-11-01,5.647069,2.423020,4.615219,3.827754,38.713035,44.335818,11.764800
2004-12-01,0.000000,1.814059,0.638776,0.000000,-11.039636,-21.622207,0.000000
2005-01-01,-0.626141,2.414488,1.573206,1.909308,-38.313113,-63.706997,11.650577
2005-02-01,5.000007,2.409639,3.332533,-0.636099,34.610550,45.847480,3.308065
2005-03-01,4.357981,4.205261,3.588771,3.177127,12.542383,28.043453,6.588898
2005-04-01,3.722857,0.599550,3.357511,8.221376,23.259359,22.105007,4.918040
2005-05-01,-0.619675,1.796856,0.676255,1.259843,-24.728148,-60.574243,15.442137
2005-06-01,0.619675,0.598355,0.749316,-0.629756,2.935781,7.654419,12.851528
2005-07-01,7.411243,1.793276,5.071276,2.517043,64.919246,116.262476,3.988040
2005-08-01,7.365752,1.194030,4.831447,1.256545,72.095773,123.722320,10.307298
2005-09-01,16.409473,1.192843,11.525377,2.509149,151.541386,206.608817,7.084311
2005-10-01,1.809500,4.165638,1.917382,3.129076,-13.330251,-58.285278,10.159618
2005-11-01,-6.042309,2.966627,-2.509073,3.744153,-90.140623,-202.337012,42.055913
2005-12-01,0.000000,1.776462,0.000000,1.867705,-21.553670,-9.542794,-8.294095
2006-01-01,7.247128,2.364533,5.803269,4.346706,56.231005,74.298388,56.889692
2006-02-01,0.601956,2.359883,0.718056,0.619675,-15.357261,-17.005481,7.194266
2006-03-01,1.804059,4.118661,2.323553,1.857106,-13.053742,-10.896132,3.581023
2006-04-01,5.994018,2.933270,5.561092,-1.237752,39.952474,87.200044,0.714924
2006-05-01,3.582092,3.510485,3.219069,1.856149,7.833319,18.605024,-2.146051
2006-06-01,2.976930,2.917580,2.955072,3.703707,0.000000,3.160669,16.355809
2006-07-01,6.523367,2.328967,4.093802,3.077714,47.688394,87.237386,2.821871
2006-08-01,5.311049,2.904867,3.769792,3.069841,22.868724,35.665276,1.408451
2006-09-01,-5.902619,2.318841,-3.147737,3.673472,-80.811014,-159.220521,4.215461
2006-10-01,-5.337296,2.314369,-2.830123,3.662261,-87.951439,-139.578622,-3.511855
2006-11-01,0.594206,1.155513,0.410782,0.609292,0.000000,-12.245004,-4.227838
2006-12-01,6.516925,1.731186,4.255349,0.608983,54.786585,96.335239,2.820213
2007-01-01,1.989487,2.879771,4.001225,7.755705,-15.159178,-34.211422,17.373623
2007-02-01,4.645019,3.073721,3.721543,8.186632,12.728072,17.345702,2.309140
2007-03-01,6.223977,1.622734,4.380818,4.174251,48.285820,80.481964,4.211562
2007-04-01,3.595403,1.883745,2.818770,3.109244,18.444379,34.685324,1.710827
2007-05-01,4.949372,1.777969,3.479433,4.666658,31.042994,56.563707,1.667088
2007-06-01,2.776887,1.906529,2.540565,4.879648,6.676339,3.031022,12.027841
2007-07-01,2.134815,2.171121,1.829205,3.992226,-0.915511,5.677480,-1.752826
2007-08-01,0.369880,1.968277,0.816699,4.573230,-18.615399,-28.873068,1.371105
2007-09-01,5.074320,2.469995,4.612894,5.838485,24.912558,40.334605,6.547381
2007-10-01,3.694193,2.962957,3.633614,3.787133,9.324885,8.563867,11.256789
2007-11-01,9.393797,3.294276,6.346139,4.903147,62.891971,101.950449,1.322544
2007-12-01,3.472588,2.863129,2.771884,2.212079,9.798414,16.617538,1.233954
2008-01-01,4.130130,3.389714,3.024010,7.240504,5.973170,7.394254,-0.569875
2008-02-01,2.897890,0.942695,2.392009,4.460148,15.540867,15.844620,0.690520
2008-03-01,4.285970,2.694937,3.430181,2.427402,18.751353,9.119418,7.556292
2008-04-01,2.774048,0.783253,2.218290,10.291869,7.326240,-11.533796,15.872101
2008-05-01,7.080062,2.101068,5.137693,5.059254,45.859577,56.446500,12.651000
2008-06-01,12.508463,2.721444,8.674559,7.414118,86.156298,124.757810,10.535045
2008-07-01,8.539278,3.009814,5.571115,11.760328,40.817843,45.436098,24.112114
2008-08-01,-1.787502,2.375810,-0.971084,6.078325,-38.599208,-54.908693,16.061203
2008-09-01,1.025672,1.773238,0.997678,6.852488,-11.208233,8.812054,-7.354313
2008-10-01,-10.362740,0.415224,-7.951201,4.943698,-106.342247,-172.629599,8.600574
2008-11-01,-21.436913,0.879800,-14.245808,2.209547,-238.499557,-446.959111,2.743441
2008-12-01,-9.921126,-0.121695,-6.723620,0.016433,-120.003713,-260.604235,5.257809
2009-01-01,3.033089,2.326659,0.136204,0.881574,14.038962,49.028368,3.539744
2009-02-01,4.363251,2.459910,2.149977,-1.560992,33.513776,95.022776,3.830662
2009-03-01,-1.185325,2.537354,-1.319466,-2.408455,-35.167206,-51.073036,-1.495090
2009-04-01,1.207891,2.488106,1.713664,-1.841144,-5.818528,10.727977,-5.832010
2009-05-01,1.764495,1.085898,1.249703,-1.992716,15.298124,60.782778,-6.899138
2009-06-01,9.918432,1.139684,7.106660,0.000000,109.631121,222.268951,-4.001271
2009-07-01,-0.357612,0.826690,0.134957,-2.349265,-7.667836,-8.119917,-10.439728
2009-08-01,4.011432,1.274504,3.476662,-0.060723,35.063812,66.886383,-0.125956
2009-09-01,2.314831,2.315802,1.936091,-0.651583,7.086775,12.976271,2.403474
2009-10-01,3.596922,3.166063,4.545587,1.071059,11.437745,12.858444,5.099278
2009-11-01,4.011596,0.897619,2.994154,0.711670,35.876999,49.328316,6.902417
2009-12-01,0.624049,1.168619,0.694004,1.780085,-5.799744,-5.103051,-0.348537
2010-01-01,0.778226,-1.348089,2.625574,3.217285,16.419558,24.042317,-10.597655
2010-02-01,-1.142676,0.532893,-0.026627,0.345963,-18.084242,-31.587645,-6.599547
2010-03-01,0.397576,0.282664,1.689626,2.402513,-1.707125,-13.539626,21.974534
2010-04-01,0.276017,0.211954,0.651267,1.199455,-0.613554,-2.623166,7.983839
2010-05-01,-0.623889,0.760553,0.385278,0.667670,-14.936348,-25.176058,-7.593300
2010-06-01,-0.502659,1.259284,-0.504872,-0.251701,-16.766559,-26.744132,-4.377584
2010-07-01,2.241010,0.916492,1.022808,-0.279121,18.194343,33.369498,4.247418
2010-08-01,1.752356,0.791199,1.645290,1.345752,10.930505,18.963358,2.996426
2010-09-01,1.936736,1.093814,1.192751,4.033672,6.088852,15.307199,-4.491243
2010-10-01,4.170958,0.643909,3.822059,1.644507,38.703412,70.327776,-2.342107
2010-11-01,3.036764,1.724406,2.387562,2.310479,15.328746,31.802462,2.379345
2010-12-01,4.810238,1.047488,2.711568,1.460102,41.026238,67.790909,4.484921
2011-01-01,3.885354,2.480086,3.597180,6.783224,11.190559,18.886426,-4.360803
2011-02-01,3.851183,2.206200,3.338081,5.569854,14.618910,18.131036,2.368197
2011-03-01,6.192254,1.294925,4.814018,9.140772,40.725124,62.212807,9.352588
2011-04-01,5.619739,1.465179,5.080046,4.568294,38.841557,60.307221,3.044191
2011-05-01,3.811997,2.400526,3.637641,4.598559,13.315798,18.218068,5.058588
2011-06-01,0.000000,2.790997,-0.245614,3.036606,-25.196481,-40.850225,-4.243615
2011-07-01,3.139933,2.779193,2.040949,5.089515,3.187175,2.284882,11.339762
2011-08-01,3.779397,3.426446,2.823182,6.035165,3.373175,5.399427,1.200849
2011-09-01,2.603032,1.359352,1.685583,5.464082,8.089973,11.277795,5.883743
2011-10-01,0.809976,2.057337,0.025716,1.128296,-9.184120,-12.504767,-0.241313
2011-11-01,2.215374,2.080260,2.453319,1.137621,4.782575,10.247560,-1.763055
2011-12-01,0.285216,2.673101,0.692700,2.277193,-20.955617,-31.220524,-2.340650
2012-01-01,3.264591,2.488129,4.096703,3.394788,7.486675,21.784552,-2.302764
2012-02-01,2.562198,0.826477,2.680881,-0.377299,19.549457,40.293126,-3.304298
2012-03-01,2.509539,2.334222,2.293140,2.329090,4.062253,9.712190,-4.723180
2012-04-01,1.991293,2.240574,1.577174,2.334877,-0.312363,0.811761,1.507342
2012-05-01,-2.484386,1.671145,-1.348100,0.900779,-38.438797,-60.568845,-0.079287
2012-06-01,-0.992046,2.086971,-0.610959,2.385084,-29.688579,-49.209996,-0.890810
2012-07-01,0.346522,1.812038,0.432795,0.831608,-11.906417,-16.518538,-8.237689
2012-08-01,6.951261,1.371569,4.027681,2.045765,57.278271,91.810527,3.798200
2012-09-01,5.711904,2.218308,3.647535,0.819378,38.559547,61.878814,1.291959
2012-10-01,3.231798,1.897406,3.548225,2.245300,14.286893,21.508170,3.068180
2012-11-01,-2.016907,1.588394,-0.819832,2.093190,-34.221749,-64.593353,4.167961
2012-12-01,-0.145307,2.047273,-0.189271,2.160831,-19.992074,-34.465579,0.298027
2013-01-01,2.374596,2.607156,2.281885,1.699429,1.553500,1.550226,6.229432
2013-02-01,6.498285,1.755602,4.262167,-0.096610,51.154791,85.014636,1.765284
2013-03-01,-3.379056,1.160385,-1.582401,1.123241,-43.490309,-70.595237,-2.128336
2013-04-01,-2.508195,0.195865,-1.219621,2.243333,-30.167397,-60.388405,3.275586
2013-05-01,0.496884,0.844947,0.880263,-1.019638,-0.024951,-8.464572,8.018175
2013-06-01,2.853095,1.821824,2.662008,2.666476,11.141293,20.219576,1.785206
2013-07-01,2.346647,2.722429,1.491657,1.032554,1.358872,2.581485,5.202661
2013-08-01,2.861335,2.337383,1.777537,1.350090,9.087020,18.553486,-0.673700
2013-09-01,0.452248,1.862544,0.525246,0.343601,-10.277803,-24.044786,8.089164
2013-10-01,0.642105,1.129421,1.586847,1.166497,-3.916661,-7.082293,0.130311
2013-11-01,2.211349,2.235265,1.784257,0.993910,3.783180,6.246735,2.774636
2013-12-01,3.168815,2.037707,2.092807,1.184553,14.814366,24.464991,3.876100
2014-01-01,2.905490,1.027728,2.486687,1.560815,22.289296,19.994447,14.920913
2014-02-01,1.320208,1.138631,0.571210,4.600131,-1.990945,-13.275497,-3.273836
2014-03-01,2.447968,2.233456,1.922729,5.196578,0.172839,-19.298836,17.356231
2014-04-01,2.234940,2.264740,2.130010,3.956091,-0.465763,20.714361,-33.777948
2014-05-01,2.281437,2.310995,1.978016,5.790988,-3.130581,-16.105394,26.332263
2014-06-01,1.584312,1.555013,1.308642,1.177601,2.409973,3.964291,8.836263
2014-07-01,1.349823,1.804921,1.701568,2.909356,-4.670409,-9.997434,4.385268
2014-08-01,-0.192017,1.057491,-0.147867,2.744818,-14.780455,-20.109857,0.251738
2014-09-01,0.085906,1.916214,0.418908,3.381724,-20.138824,-32.177602,-5.326347
2014-10-01,-0.237520,2.033571,-0.357295,1.893139,-22.808837,-36.248967,2.026683
2014-11-01,-2.261322,1.338768,-1.146526,2.584752,-41.430746,-71.837922,-3.349029
2014-12-01,-3.707252,0.631260,-2.110992,4.115286,-56.209331,-114.106424,8.900541
2015-01-01,-7.668832,1.136432,-5.771683,-0.194950,-106.804155,-213.902050,4.547943
2015-02-01,3.037724,1.805064,2.121161,1.451617,18.434549,43.392663,4.649771
2015-03-01,3.228396,2.909383,2.265869,-2.061040,16.063727,44.312114,-9.083519
2015-04-01,1.250323,2.942124,1.063359,-0.341412,-12.781859,-17.493817,0.953099
2015-05-01,3.950784,1.699260,2.876234,1.155532,31.392894,75.311416,-10.877073
2015-06-01,3.316917,1.865419,2.328029,3.396761,17.342364,29.412721,5.531089
2015-07-01,1.902075,2.481074,1.094705,1.068623,-2.220765,4.689553,-3.724795
2015-08-01,-0.005041,1.246029,0.086058,2.836944,-17.386228,-31.739555,-0.816522
2015-09-01,-2.700141,2.463524,-1.660781,3.627324,-67.039423,-133.645897,-0.978258
2015-10-01,1.186791,2.227132,0.000000,1.269389,-9.957752,-15.671251,-2.501057
2015-11-01,1.432685,2.326187,0.750712,-1.110039,-3.083461,-1.994482,-0.652053
2015-12-01,-1.291359,1.502492,-1.009262,-1.541277,-30.969099,-50.618539,-3.659218
2016-01-01,-0.550258,2.000401,0.492429,0.710490,-31.381358,-60.107672,-6.857045
2016-02-01,-1.596672,2.715791,-0.627882,1.221831,-58.638572,-130.654353,-4.632197
2016-03-01,3.755872,1.968162,2.804458,-2.788367,39.038116,88.378473,2.411674
2016-04-01,4.587992,3.109265,3.925059,0.996244,29.137324,64.014999,-0.303382
2016-05-01,2.833567,2.848764,1.957726,-1.833535,12.041379,18.464927,2.320092
2016-06-01,3.326534,1.955216,2.100999,-0.837876,27.071490,55.081310,1.175820
2016-07-01,-0.604593,1.400169,0.207457,-0.121129,-24.211637,-68.853160,4.413584
2016-08-01,2.217017,2.872735,1.670554,0.426319,-1.740521,-11.512516,3.074097
2016-09-01,3.143730,2.022262,2.276498,0.125929,21.864311,38.887309,8.526773
2016-10-01,2.807937,1.445830,2.454262,0.193711,23.096777,49.684819,-2.914178
2016-11-01,1.413904,1.631694,0.400467,-0.343858,2.403971,8.656790,-2.206142
2016-12-01,3.025609,2.109728,2.060898,-0.077503,19.042293,41.580231,0.674369
2017-01-01,4.841911,2.623570,4.593955,1.645858,34.714757,65.927512,0.241989
2017-02-01,1.909669,2.541355,1.627838,3.236717,-7.243943,-23.727246,4.335996
2017-03-01,-0.560773,-0.258197,-0.614702,2.453116,-9.472312,-16.606756,-1.619852
2017-04-01,1.480070,1.352527,2.288468,1.659874,2.521445,-9.239523,9.178905
2017-05-01,-0.929133,0.969249,-0.517534,1.840016,-26.936655,-66.227037,5.531747
2017-06-01,0.781700,1.507226,1.010790,-0.970101,-3.882332,-12.504781,4.850552
2017-07-01,0.393116,1.138703,0.444959,1.992180,-11.055380,-24.193594,4.273290
2017-08-01,4.609487,2.616349,2.690288,1.361419,32.948598,70.999834,-0.112705
2017-09-01,6.112076,1.315532,4.466469,1.709174,65.339566,137.240008,0.833768
2017-10-01,0.929702,3.384303,1.564716,1.061621,-25.052507,-49.709058,-4.864292
2017-11-01,3.197346,1.371856,1.717643,0.702449,26.878845,53.152931,3.213095
2017-12-01,2.525607,2.493704,1.738993,2.486326,2.964694,-0.104850,2.152305
2018-01-01,5.093189,4.050653,4.490650,3.147040,18.294661,33.281684,-0.489845
2018-02-01,3.226404,2.381610,2.570393,-0.537412,18.047187,22.440097,0.743135
2018-03-01,0.230813,2.625093,1.277225,0.480353,-24.344376,-43.012764,-0.348991
2018-04-01,3.121225,1.679857,2.857004,2.384648,19.012320,38.178355,-3.602785
2018-05-01,2.706485,2.405723,2.061785,-0.014237,10.249716,17.663112,4.165624
2018-06-01,1.080887,1.184738,1.035446,1.437066,-0.532136,3.762293,-3.318927
2018-07-01,0.936619,1.397792,1.269555,2.041183,-5.541704,-8.560107,-4.618924
2018-08-01,2.142870,0.893733,0.833884,1.659748,15.461351,23.882365,3.540693
2018-09-01,2.472190,2.217492,2.463031,1.666893,6.307095,20.008599,-6.535236
2018-10-01,2.804217,2.547146,2.072064,-0.623043,11.024641,14.776306,10.786081
2018-11-01,-0.845328,2.416873,0.409307,3.380370,-40.615590,-74.017521,1.378008
2018-12-01,0.821591,2.882762,0.829880,4.651861,-27.048561,-68.625345,10.677780
2019-01-01,-0.978374,3.239453,-0.619433,3.072541,-53.352328,-90.406575,-11.881341
2019-02-01,3.596112,1.931212,2.195792,3.363270,22.133850,47.936847,-2.484047
2019-03-01,4.529592,1.749201,2.715817,1.994819,38.521028,68.576287,3.181584
2019-04-01,4.503155,1.971106,3.383248,-1.659010,41.083779,78.931200,-0.753808
2019-05-01,0.296163,1.007222,0.870427,2.296839,-10.278586,-15.210114,-1.278054
2019-06-01,-0.390199,2.386487,0.568338,0.623534,-30.849858,-54.998576,-1.245582
2019-07-01,2.766261,2.468353,1.599181,0.497664,9.842000,17.517433,4.733090
2019-08-01,1.097222,2.717977,0.555738,1.064401,-15.881572,-27.696397,-2.226335
2019-09-01,1.845196,2.321563,0.729016,2.677739,-4.677864,-7.881871,3.012436
2019-10-01,3.387952,2.638669,2.126656,2.634774,12.625413,21.458826,-0.218934
2019-11-01,3.373760,2.614804,1.234966,2.836673,12.311896,23.403800,1.167184
2019-12-01,3.489583,2.131054,3.260199,2.005645,20.199808,36.283034,-2.138833
2020-01-01,2.303784,3.135514,2.103479,3.725740,-5.617614,-8.878078,-0.224771
2020-02-01,0.569470,2.938854,0.952823,3.068486,-32.335921,-59.631372,1.768930
2020-03-01,-5.446478,-1.419098,-3.470535,3.019537,-72.793995,-142.028558,-2.212976
2020-04-01,-9.542014,-5.891904,-4.993544,17.004700,-119.359136,-261.091075,0.949721
2020-05-01,-1.078475,-1.509156,1.201271,7.705806,-16.850696,-33.776765,-3.397731
2020-06-01,5.802946,1.974171,3.780765,6.548648,56.591481,127.114562,3.672953
2020-07-01,6.100201,6.931258,3.539419,-4.553933,20.375588,45.614881,2.177085
2020-08-01,4.469279,4.627010,3.345940,1.897714,8.353591,20.909106,-2.171469
2020-09-01,3.147237,2.282291,2.137887,0.383643,20.910655,29.854133,9.565325
2020-10-01,1.485251,1.663202,1.073223,2.717675,-3.616945,-9.635147,5.092692
2020-11-01,2.725861,3.003968,1.220480,-0.075655,5.518795,1.865668,6.451509
2020-12-01,5.204270,1.599047,5.017144,5.084970,51.579508,101.494396,2.618277
2021-01-01,2.936358,0.204169,4.148018,1.833292,39.033431,82.271293,-10.646433
2021-02-01,4.067909,1.800510,4.246473,1.017287,37.650409,58.382815,11.224440
2021-03-01,6.275414,2.947708,6.498657,0.932492,55.483873,96.667359,0.467706
2021-04-01,7.463129,9.690414,5.972833,4.757231,-12.407962,-40.052074,14.996129
2021-05-01,7.935774,7.888943,5.743395,5.343128,13.645908,16.131554,7.204268
2021-06-01,10.111425,9.485221,6.632941,9.012115,19.414522,32.858741,-0.264654
2021-07-01,5.524959,4.301289,5.442786,7.869875,14.729248,19.550759,6.163696
2021-08-01,3.406671,1.502031,4.794280,5.159278,21.144769,28.925945,11.041054
2021-09-01,5.418370,3.011305,3.815132,10.090427,22.766396,28.389993,8.293955
2021-10-01,11.510461,8.422347,8.179576,11.063195,45.379344,56.890860,19.215770
2021-11-01,10.235737,7.381711,7.941146,9.172802,41.852921,75.474373,4.368713
2021-12-01,8.257798,7.488074,7.011379,6.945415,18.511662,32.833807,2.931252
2022-01-01,7.233403,6.617529,6.299900,9.406699,10.214004,-2.670137,35.416375
2022-02-01,8.283003,6.327337,7.347135,11.617722,22.583529,39.370798,-6.900131
2022-03-01,13.313569,3.254992,11.115337,10.795984,115.341796,180.948794,23.092258
2022-04-01,3.694329,6.037592,2.754974,11.287117,-30.651533,-75.731279,14.954247
2022-05-01,11.328355,6.381317,7.437146,13.662007,53.991608,60.916019,17.604156
2022-06-01,14.979342,8.136346,11.497503,12.182324,80.356766,117.883576,17.553991
2022-07-01,-0.179022,4.228555,1.420472,13.150613,-59.978892,-104.764406,22.894775
2022-08-01,0.748462,5.869966,2.815383,10.084924,-62.745001,-135.511990,16.727994
2022-09-01,5.080438,6.823600,3.924335,8.107840,-17.128275,-45.512348,5.600853
2022-10-01,6.694995,4.710652,6.071209,8.167704,23.602894,52.399116,4.576828
2022-11-01,3.132746,3.705708,3.242380,6.010860,-7.375970,-3.527654,0.168671
2022-12-01,0.184733,4.263789,1.531745,4.513011,-48.368989,-101.145118,8.801729
2023-01-01,6.359944,4.958652,5.724169,5.601528,26.055312,31.756875,9.267604
2023-02-01,4.107203,5.857963,3.294671,4.662400,-16.155285,-3.987967,3.931483
2023-03-01,1.475954,4.033683,3.004662,0.041179,-24.497588,-25.112440,-6.561145
2023-04-01,4.064396,5.442062,3.227398,2.464447,-8.548840,-1.410880,-3.871807
2023-05-01,1.936062,4.368714,2.429849,2.970049,-28.478837,-41.750615,-10.000813
2023-06-01,2.687093,2.610501,2.803705,1.325938,6.279458,10.371605,11.196592
2023-07-01,2.346281,2.480553,1.603446,3.107972,-0.714001,-3.193087,-3.794498
2023-08-01,5.788864,2.405666,3.706605,3.118460,50.159916,88.747931,6.195990
2023-09-01,4.671992,3.711549,4.545554,1.247338,21.987983,33.020533,11.097770
2023-10-01,1.639099,3.542148,1.521238,3.926008,-24.266431,-45.710151,1.933939
2023-11-01,1.761485,3.597027,0.779628,1.798051,-19.486077,-51.995821,11.692972
2023-12-01,2.307061,3.080628,1.222699,1.854180,-5.896524,-13.356792,8.195327
2024-01-01,3.713870,4.298873,4.387502,3.633819,-3.466998,-24.641441,14.317782
2024-02-01,4.907002,4.743744,3.989890,1.036739,14.392912,24.103273,1.440148
2024-03-01,5.305859,4.660672,4.688536,0.245316,22.476834,38.446939,9.295480
2024-04-01,2.601989,3.241911,1.909231,2.468674,-4.485177,-1.250276,-2.120551
2024-05-01,0.582563,1.683697,0.778406,1.825379,-14.464581,-26.455357,-0.859590
2024-06-01,-0.502061,1.112359,1.312416,2.372489,-25.095456,-47.065954,-5.982578
2024-07-01,2.010811,2.071141,1.912583,2.651195,0.012936,-0.481495,2.274997
2024-08-01,1.885185,3.043732,1.841740,1.521154,-11.181450,-15.452867,-4.931014
2024-09-01,2.557277,3.679732,2.467375,3.640752,-13.238960,-34.413876,8.784768
2024-10-01,3.422792,3.731891,3.243402,2.565431,1.416204,-1.997002,11.048903
2024-11-01,3.405475,3.448856,1.772441,4.201226,1.221343,1.494871,-4.741731
2024-12-01,4.072342,2.236824,3.057082,2.999584,28.413759,46.812893,4.839697
2025-01-01,5.116217,5.108227,4.207554,3.500200,10.430931,14.747573,2.667561
2025-02-01,2.698235,3.053056,3.315381,2.230212,-0.748448,-14.432423,8.802881
2025-03-01,0.397833,0.829296,0.944210,4.512061,-13.647157,-46.319630,12.539720
2025-04-01,1.938487,2.859436,2.799646,0.576150,-6.743760,-28.732521,8.038809
2025-05-01,1.190785,1.564834,2.328059,3.483013,-8.536727,-25.848738,9.372772
2025-06-01,3.046470,2.804978,3.052882,3.518888,5.135395,1.250165,9.022460
2025-07-01,2.737088,3.744404,1.665379,1.494350,-7.434083,-14.868005,-0.343095
2025-08-01,4.171913,3.710919,3.050349,5.034571,8.197514,19.558952,2.207980
2025-09-01,3.535868,2.610443,3.503515,2.690057,17.075673,42.367068,-3.704041
2025-10-01,,,1.776101,,,-15.782198,
2025-11-01,,,2.392168,,,32.350936,
2025-12-01,3.568151,2.791554,3.836261,7.846111,4.107518,-4.059431,1.801973
2026-01-01,2.048363,3.535325,3.637780,2.222922,-17.725431,-38.926562,-1.286277
2026-02-01,3.199767,2.589806,4.165218,4.686280,7.595406,9.607870,-8.535451
2026-03-01,10.337075,2.347244,7.512804,-0.065780,123.862705,230.991518,9.749861
2026-04-01,7.655979,4.509047,5.218260,6.029782,44.851681,63.528268,25.410400
2026-05-01,5.661594,2.494551,5.213953,1.869082,45.725699,81.691830,7.505383
2026-06-01,-5.080520,-0.199945,-1.235006,2.463562,-70.601835,-122.263739,-12.539103
2026-07-01,0.883704,2.582433,0.603939,0.933251,-17.936637,-34.763887,1.580943
2026-08-01,4.742833,3.472519,3.717591,1.467031,24.899391,45.902163,-2.554867
